frame,DetObj#,x,y,z,v,snr,noise
 , , , , , , , 
0,0,0.3847557604312897,0.7869337201118469,-0.07820495963096619,-0.09796791523694992,232,362
0,1,0.3691823184490204,0.8127360343933105,-0.17030242085456848,-0.09796791523694992,244,386
 , , , , , , , 
0,0,0.2656646966934204,0.7208450436592102,-0.3640338182449341,-0.09796791523694992,233,358
0,1,0.3023080825805664,0.7958611249923706,-0.22052809596061707,-0.09796791523694992,233,375
0,2,0.31238505244255066,0.8265221118927002,-0.21240313351154327,-0.09796791523694992,226,398
 , , , , , , , 
0,0,-1.11579167842865,0.5192211270332336,0.03629453480243683,0.19593583047389984,232,367
0,1,-1.1423581838607788,0.5327869057655334,0.009993374347686768,0.19593583047389984,236,365
 , , , , , , , 
0,0,0.5954553484916687,0.42410823702812195,-0.05158352106809616,0.09796791523694992,234,330
0,1,0.5954553484916687,0.47188687324523926,-0.06064947322010994,0.09796791523694992,239,333
 , , , , , , , 
0,0,0.593623161315918,0.3730037212371826,-0.05888225883245468,0.09796791523694992,257,353
0,1,0.6183574795722961,0.38900816440582275,-0.05833025649189949,0.09796791523694992,286,355
0,2,0.6430917382240295,0.4039008319377899,-0.06496010720729828,0.09796791523694992,286,356
0,3,0.6925603747367859,0.37365296483039856,-0.08492357283830643,0.09796791523694992,250,362
 , , , , , , , 
0,0,0.5899588465690613,0.3192833662033081,-0.06785646826028824,0.09796791523694992,245,328
0,1,0.6156092286109924,0.3336156904697418,-0.06865279376506805,0.09796791523694992,322,330
0,2,0.6183574795722961,0.38566720485687256,-0.07739865034818649,0.09796791523694992,362,328
0,3,0.6669099926948547,0.36061200499534607,-0.0781838595867157,0.09796791523694992,364,329
0,4,0.6925603747367859,0.37492233514785767,-0.07913156598806381,0.09796791523694992,319,341
0,5,0.5899588465690613,0.5666548609733582,0.067702516913414,0.09796791523694992,267,371
0,6,0.611028790473938,0.5758617520332336,0.13320286571979523,0.09796791523694992,262,411
 , , , , , , , 
0,0,0.5688889026641846,0.3518034517765045,-0.08483828604221344,0.09796791523694992,239,325
0,1,0.593623161315918,0.3666830062866211,-0.09023567289113998,0.09796791523694992,327,325
0,2,0.6183574795722961,0.38280922174453735,-0.09048116207122803,0.09796791523694992,368,329
0,3,0.6430917382240295,0.40076974034309387,-0.0820932611823082,0.09796791523694992,372,336
0,4,0.6183574795722961,0.4937480092048645,-0.017757775261998177,0.09796791523694992,352,348
0,5,0.5643084645271301,0.5894542336463928,0.08850118517875671,0.09796791523694992,328,376
0,6,0.5844623446464539,0.6063217520713806,0.1161620244383812,0.09796791523694992,291,416
0,7,0.6320987343788147,0.599850594997406,0.11852522194385529,0.09796791523694992,236,462
 , , , , , , , 
0,0,0.593623161315918,0.369905561208725,-0.0759524255990982,0.09796791523694992,287,347
0,1,0.6183574795722961,0.38537073135375977,-0.07886157184839249,0.09796791523694992,346,347
0,2,0.6430917382240295,0.4022429883480072,-0.0745404064655304,0.09796791523694992,370,346
0,3,0.6430917978286743,0.45771777629852295,-0.0582733228802681,0.09796791523694992,362,350
0,4,0.5899588465690613,0.5706511735916138,-0.006212887354195118,0.09796791523694992,327,371
0,5,0.5578958988189697,0.6396099328994751,0.04865458980202675,0.09796791523694992,276,406
 , , , , , , , 
0,0,0.593623161315918,0.3602886497974396,-0.11309723556041718,0.09796791523694992,267,342
0,1,0.5954553484916687,0.41251689195632935,-0.11116860061883926,0.09796791523694992,339,341
0,2,0.6192735433578491,0.43026629090309143,-0.11087766289710999,0.09796791523694992,374,341
0,3,0.6430917978286743,0.44925644993782043,-0.10521408915519714,0.09796791523694992,383,341
0,4,0.6412596106529236,0.50639408826828,-0.0779997929930687,0.09796791523694992,351,359
0,5,0.5844623446464539,0.6154067516326904,0.048931460827589035,0.19593583047389984,305,382
0,6,0.6320987343788147,0.609756350517273,0.04545549675822258,0.19593583047389984,257,421
 , , , , , , , 
0,0,0.593623161315918,0.36798471212387085,-0.08477111160755157,0.09796791523694992,249,338
0,1,0.6183574795722961,0.3849886953830719,-0.08070601522922516,0.09796791523694992,330,336
0,2,0.6430917382240295,0.40189990401268005,-0.07636858522891998,0.09796791523694992,366,336
0,3,0.6678261160850525,0.41879215836524963,-0.07134293764829636,0.09796791523694992,372,337
0,4,0.6669099926948547,0.47209274768829346,-0.078053317964077,0.09796791523694992,351,348
0,5,0.611028790473938,0.5786808729171753,0.1203671544790268,0.19593583047389984,343,365
0,6,0.6320987343788147,0.5982197523117065,0.12649938464164734,0.19593583047389984,308,406
0,7,0.6531687378883362,0.6220043897628784,0.11099328845739365,0.19593583047389984,245,451
 , , , , , , , 
0,0,0.6192735433578491,0.43039000034332275,-0.11039656400680542,0.09796791523694992,303,368
0,1,0.6183574795722961,0.4778207242488861,-0.12565745413303375,0.09796791523694992,345,363
0,2,0.6412596106529236,0.49340933561325073,-0.13808031380176544,0.09796791523694992,355,364
0,3,0.664161741733551,0.5128006935119629,-0.13653045892715454,0.09796791523694992,333,375
0,4,0.6320987343788147,0.5921700596809387,0.15232717990875244,0.19593583047389984,317,388
0,5,0.6531687378883362,0.611301839351654,0.1597469002008438,0.19593583047389984,280,423
 , , , , , , , 
0,0,0.6430917382240295,0.39812248945236206,-0.0940965861082077,0.09796791523694992,279,346
0,1,0.6678261160850525,0.39887210726737976,-0.14621131122112274,0.09796791523694992,274,349
0,2,0.6156092286109924,0.505225658416748,-0.19875897467136383,0.09796791523694992,291,356
0,3,0.6375952959060669,0.5410979390144348,-0.15297459065914154,0.09796791523694992,307,369
0,4,0.6595813035964966,0.5717933177947998,-0.10687702894210815,0.09796791523694992,267,401
0,5,0.30688852071762085,1.9235161542892456,-0.2520732879638672,-0.09796791523694992,227,368
0,6,0.3114689588546753,1.9329956769943237,-0.37438443303108215,-0.09796791523694992,227,374
 , , , , , , , 
0,0,0.5954553484916687,0.4658817946910858,-0.09648691862821579,0.19593583047389984,288,334
0,1,0.6183574795722961,0.4834429919719696,-0.10190840065479279,0.19593583047389984,345,329
0,2,0.6412596106529236,0.4993548095226288,-0.11473327875137329,0.19593583047389984,363,332
0,3,0.664161741733551,0.5168048143386841,-0.12049049139022827,0.19593583047389984,351,339
0,4,0.6595813035964966,0.5754114985466003,-0.08527513593435287,0.19593583047389984,302,363
0,5,0.681567370891571,0.6002176403999329,0.032297082245349884,0.19593583047389984,255,398
 , , , , , , , 
0,0,0.3206298053264618,1.4462401866912842,1.4200055599212646,0.09796791523694992,231,431
0,1,0.6430917382240295,0.39743202924728394,-0.09697146713733673,0.19593583047389984,242,343
0,2,0.6678261160850525,0.41497066617012024,-0.09097269177436829,0.19593583047389984,300,343
0,3,0.6925603747367859,0.42766666412353516,-0.10580255091190338,0.19593583047389984,330,343
0,4,0.7172946929931641,0.43735620379447937,-0.13009153306484222,0.19593583047389984,320,353
0,5,0.7420289516448975,0.4642263948917389,-0.08546730130910873,0.19593583047389984,276,375
0,6,0.49468597769737244,0.6362485885620117,-0.3519819378852844,0.19593583047389984,276,375
0,7,0.6531687378883362,0.625004231929779,0.09262122958898544,0.19593583047389984,254,405
0,8,0.6742386817932129,0.6403647065162659,0.12374507635831833,0.19593583047389984,225,442
 , , , , , , , 
0,0,0.7145464420318604,0.48198041319847107,-0.17474566400051117,0.09796791523694992,289,367
0,1,0.25283950567245483,1.2663066387176514,1.556894302368164,0.09796791523694992,247,431
0,2,0.8849382400512695,1.816750407218933,-0.08764931559562683,0.09796791523694992,247,431
0,3,0.2565038502216339,1.2092878818511963,1.6378824710845947,0.09796791523694992,259,431
0,4,0.32521024346351624,1.2268273830413818,1.649585485458374,0.09796791523694992,233,441
0,5,0.6678261160850525,0.42416635155677795,-0.023655928671360016,0.19593583047389984,270,330
0,6,0.6925603747367859,0.43970799446105957,-0.02738298662006855,0.19593583047389984,309,327
0,7,0.6907282471656799,0.4911467432975769,-0.06622200459241867,0.19593583047389984,317,337
0,8,0.6531687378883362,0.6318093538284302,0.005093997344374657,0.19593583047389984,272,381
0,9,0.6742386817932129,0.6345270276069641,0.15084831416606903,0.19593583047389984,269,415
0,10,0.6953086256980896,0.6585273146629333,0.13683274388313293,0.19593583047389984,240,451
0,11,0.6531687378883362,0.5847384929656982,0.23935310542583466,0.29390373826026917,285,368
 , , , , , , , 
0,0,0.593623161315918,0.4962218999862671,-0.1668645292520523,0.09796791523694992,244,347
0,1,0.5899588465690613,0.5361433029174805,-0.19552938640117645,0.09796791523694992,278,345
0,2,0.611028790473938,0.5648110508918762,-0.17420756816864014,0.09796791523694992,285,355
0,3,0.6595813035964966,0.5603112578392029,-0.1562740057706833,0.09796791523694992,268,371
0,4,0.7099660038948059,0.5459780693054199,-0.15393054485321045,0.09796791523694992,227,397
0,5,0.24917516112327576,0.8403056263923645,-1.7903761863708496,0.09796791523694992,227,415
0,6,0.25283950567245483,0.7674235701560974,1.854322910308838,0.09796791523694992,273,415
0,7,0.8849382400512695,1.8167568445205688,-0.08751551806926727,0.09796791523694992,273,415
0,8,0.2565038502216339,0.9301639795303345,1.811030387878418,0.09796791523694992,277,427
0,9,0.8977634906768799,1.843643307685852,-0.07635851949453354,0.09796791523694992,277,427
0,10,0.260168194770813,0.9487034678459167,1.834195613861084,0.09796791523694992,248,446
0,11,0.9756307601928711,1.831507682800293,-0.16038621962070465,0.09796791523694992,248,446
0,12,0.30688852071762085,1.9231688976287842,-0.25470906496047974,-0.09796791523694992,226,368
0,13,0.24917516112327576,1.9366216659545898,-0.4013195037841797,-0.09796791523694992,234,367
 , , , , , , , 
0,0,0.6925603747367859,0.4390590786933899,-0.03633318468928337,0.09796791523694992,231,332
0,1,0.7172946929931641,0.45620766282081604,-0.008878055959939957,0.09796791523694992,260,332
0,2,0.7695115208625793,0.42121750116348267,-0.062012817710638046,0.09796791523694992,231,341
0,3,0.8217284083366394,1.8453235626220703,0.10451526194810867,0.09796791523694992,256,414
0,4,0.2565038502216339,0.804127037525177,1.8704053163528442,0.09796791523694992,270,418
0,5,0.260168194770813,0.8545758724212646,1.8798967599868774,0.09796791523694992,240,434
0,6,0.6247701048851013,0.6429023742675781,0.14892040193080902,0.19593583047389984,261,357
0,7,0.6742386817932129,0.6305078864097595,0.16685207188129425,0.19593583047389984,291,375
0,8,0.6953086256980896,0.6460157632827759,0.187203049659729,0.19593583047389984,278,400
0,9,0.7475254535675049,0.6236663460731506,0.21367770433425903,0.19593583047389984,233,426
 , , , , , , , 
0,0,0.6375952959060669,0.5099964141845703,-0.23683716356754303,0.09796791523694992,275,353
0,1,0.6595813035964966,0.5276015400886536,-0.24496296048164368,0.09796791523694992,281,366
0,2,0.681567370891571,0.5663483738899231,-0.20137983560562134,0.09796791523694992,262,383
0,3,0.8849382400512695,1.8125455379486084,-0.151469886302948,0.09796791523694992,250,417
0,4,0.8977634906768799,1.8293646574020386,-0.2414034605026245,0.09796791523694992,270,416
0,5,0.2565038502216339,1.3876029253005981,1.4898302555084229,0.09796791523694992,270,416
0,6,0.260168194770813,1.5316475629806519,1.3850514888763428,0.09796791523694992,251,423
0,7,0.9105886816978455,1.8336414098739624,-0.37494876980781555,0.09796791523694992,251,423
0,8,0.6449239253997803,0.6681604385375977,0.13271135091781616,0.19593583047389984,281,372
0,9,0.665077805519104,0.6756508946418762,0.19236136972904205,0.19593583047389984,287,396
0,10,0.6852316856384277,0.6962857246398926,0.19762566685676575,0.19593583047389984,262,427
 , , , , , , , 
0,0,0.25283950567245483,1.2149311304092407,1.59730863571167,0.09796791523694992,269,393
0,1,0.2565038502216339,1.2498377561569214,1.607153296470642,0.09796791523694992,288,397
0,2,0.32521024346351624,1.2506483793258667,1.6315993070602417,0.09796791523694992,273,409
0,3,0.3297906517982483,1.212854027748108,1.6956146955490112,0.09796791523694992,233,425
0,4,0.6320987343788147,0.5803881883621216,-0.19240199029445648,0.19593583047389984,255,346
0,5,0.6531687378883362,0.6215859055519104,-0.11331343650817871,0.19593583047389984,256,359
0,6,0.6742386817932129,0.648981511592865,0.06482890248298645,0.19593583047389984,260,371
0,7,0.665077805519104,0.6892885565757751,0.1356034129858017,0.19593583047389984,250,390
 , , , , , , , 
0,0,0.6962246894836426,0.8584522604942322,-0.13869677484035492,0.09796791523694992,231,476
0,1,0.8849382400512695,1.813541293144226,-0.13904088735580444,0.09796791523694992,239,423
0,2,0.9618894457817078,1.8098235130310059,-0.10068695992231369,0.09796791523694992,249,433
0,3,0.32521024346351624,0.6721451878547668,1.9427965879440308,0.09796791523694992,239,451
0,4,0.6669099926948547,0.452839732170105,-0.15459643304347992,0.19593583047389984,237,335
0,5,0.6907282471656799,0.4677527844905853,-0.1637614369392395,0.19593583047389984,295,338
0,6,0.7145464420318604,0.48291102051734924,-0.17215721309185028,0.19593583047389984,319,344
0,7,0.7383646368980408,0.5075336694717407,-0.15187375247478485,0.19593583047389984,314,357
0,8,0.7328681349754333,0.583498477935791,-0.04910583049058914,0.19593583047389984,298,377
0,9,0.7255394458770752,0.6353731155395508,0.07569026947021484,0.19593583047389984,287,406
0,10,0.7163785696029663,0.6796995401382446,0.1349906325340271,0.19593583047389984,261,443
 , , , , , , , 
0,0,0.7172946929931641,0.44841790199279785,-0.08441358804702759,0.19593583047389984,293,349
0,1,0.7420289516448975,0.4629436433315277,-0.09216286242008209,0.19593583047389984,332,355
0,2,0.7667632699012756,0.47614914178848267,-0.1058039590716362,0.19593583047389984,336,363
0,3,0.7914975881576538,0.47687745094299316,-0.16154588758945465,0.19593583047389984,307,371
0,4,0.6046161651611328,0.6108669638633728,0.44397783279418945,0.19593583047389984,234,398
0,5,0.7163785696029663,0.6164510250091553,0.316547155380249,0.19593583047389984,240,436
 , , , , , , , 
0,0,0.3206298053264618,1.3881868124008179,1.4768086671829224,0.09796791523694992,228,429
0,1,0.32521024346351624,1.4733455181121826,1.433698296546936,0.09796791523694992,238,437
0,2,0.7145464420318604,0.5041964054107666,-0.09288246929645538,0.19593583047389984,230,345
0,3,0.7099660038948059,0.5542245507240295,-0.12092053145170212,0.19593583047389984,237,359
0,4,0.6953086256980896,0.6725184321403503,-0.010017161257565022,0.19593583047389984,239,391
0,5,0.7163785696029663,0.6906514167785645,0.05669684335589409,0.19593583047389984,250,409
0,6,0.7695115804672241,0.6674045920372009,0.12300651520490646,0.19593583047389984,237,438
 , , , , , , , 
0,0,0.8455466032028198,1.8659000396728516,-0.3680589199066162,0.09796791523694992,233,410
0,1,0.791497528553009,1.9225504398345947,-0.36361682415008545,0.09796791523694992,232,417
0,2,0.7145464420318604,0.5084009766578674,-0.06610274314880371,0.19593583047389984,243,360
0,3,0.7383646368980408,0.5250707864761353,-0.07040402293205261,0.19593583047389984,273,362
0,4,0.7621828317642212,0.5386030077934265,-0.09466653317213058,0.19593583047389984,267,368
 , , , , , , , 
0,0,0.7145464420318604,0.4896608591079712,-0.1518993377685547,0.09796791523694992,249,358
0,1,0.7383646368980408,0.512006402015686,-0.13603471219539642,0.09796791523694992,300,359
0,2,0.7621828317642212,0.5288136601448059,-0.13932344317436218,0.09796791523694992,311,366
0,3,0.7860010266304016,0.5438991785049438,-0.14903536438941956,0.09796791523694992,288,382
0,4,0.7786723971366882,0.6146807670593262,-0.09617190808057785,0.09796791523694992,247,406
 , , , , , , , 
0,0,0.7667632699012756,0.47983455657958984,-0.08758583664894104,0.09796791523694992,269,362
0,1,0.7621828317642212,0.5370545983314514,-0.10308876633644104,0.09796791523694992,282,371
0,2,0.7860010266304016,0.5559301972389221,-0.09476027637720108,0.09796791523694992,262,386
0,3,0.7786723971366882,0.6211903691291809,-0.03469913452863693,0.09796791523694992,228,402
 , , , , , , , 
0,0,0.7667632699012756,0.46888813376426697,-0.13437408208847046,-0.09796791523694992,266,340
0,1,0.7914975881576538,0.486589640378952,-0.12938192486763,-0.09796791523694992,282,341
0,2,0.8162318468093872,0.5123188495635986,-0.08444200456142426,-0.09796791523694992,272,343
0,3,0.7786723971366882,0.6169238686561584,0.08053869754076004,-0.09796791523694992,264,356
0,4,0.8015745282173157,0.6200612187385559,0.16034303605556488,-0.09796791523694992,260,385
0,5,0.8244765996932983,0.6368827223777771,0.168345645070076,-0.09796791523694992,237,419
 , , , , , , , 
0,0,0.7145464420318604,0.49685004353523254,-0.12641677260398865,-0.09796791523694992,267,322
0,1,0.7383646368980408,0.5140095353126526,-0.12825840711593628,-0.09796791523694992,323,321
0,2,0.7621828317642212,0.5308389067649841,-0.13139626383781433,-0.09796791523694992,337,326
0,3,0.7860010266304016,0.5518656373023987,-0.11611271649599075,-0.09796791523694992,318,338
0,4,0.7786723971366882,0.6191391348838806,-0.061223018914461136,-0.09796791523694992,278,360
0,5,0.8015745282173157,0.6399170756340027,-0.02630447782576084,-0.09796791523694992,241,396
 , , , , , , , 
0,0,0.7786723971366882,0.6152933835983276,0.09217125922441483,-0.19593583047389984,297,357
0,1,0.8015745282173157,0.6245089769363403,0.1420363187789917,-0.19593583047389984,287,383
0,2,0.8574556708335876,0.5854323506355286,0.18910375237464905,-0.19593583047389984,238,415
0,3,0.7951619625091553,0.43708276748657227,-0.05014481768012047,-0.09796791523694992,261,346
0,4,0.8208122849464417,0.4488840699195862,-0.06890465319156647,-0.09796791523694992,288,348
0,5,0.8162318468093872,0.5144526362419128,-0.07028169184923172,-0.09796791523694992,274,360
0,6,0.38475579023361206,0.8211104869842529,1.8408070802688599,-0.09796791523694992,226,401
0,7,0.3902522921562195,0.7183252573013306,1.9140822887420654,-0.09796791523694992,247,409
0,8,0.3957487642765045,0.5335504412651062,2.0033953189849854,-0.09796791523694992,229,423
 , , , , , , , 
0,0,0.6953086256980896,0.5888077616691589,0.32509514689445496,-0.29390373826026917,265,331
0,1,0.7475254535675049,0.6064181327819824,0.2586017847061157,-0.29390373826026917,309,331
0,2,0.7695115804672241,0.6571280360221863,0.16953541338443756,-0.19593583047389984,288,377
0,3,0.791497528553009,0.6902744174003601,0.10379955917596817,-0.19593583047389984,276,400
0,4,0.8134835958480835,0.7174232602119446,0.0016167638823390007,-0.19593583047389984,254,423
0,5,0.8006584048271179,0.7662931084632874,-0.11245846748352051,-0.19593583047389984,238,436
0,6,0.7860010862350464,0.8083074688911438,-0.18951886892318726,-0.09796791523694992,235,429
 , , , , , , , 
0,0,0.8162318468093872,0.4801703691482544,-0.19757898151874542,0.09796791523694992,226,350
0,1,0.7860010266304016,0.5555516481399536,0.0969548374414444,-0.19593583047389984,277,352
0,2,0.7786723971366882,0.6151765584945679,0.0929480716586113,-0.19593583047389984,297,363
0,3,0.8015745282173157,0.6367754936218262,0.06857708841562271,-0.19593583047389984,274,382
0,4,0.7951619625091553,0.4243255853652954,-0.11620514839887619,-0.09796791523694992,240,351
0,5,0.7914975881576538,0.4962104558944702,-0.0853484496474266,-0.09796791523694992,251,349
0,6,0.9481481313705444,1.7851988077163696,-0.07389532774686813,-0.09796791523694992,233,398
0,7,0.3206298053264618,1.085300326347351,1.7117680311203003,-0.09796791523694992,272,406
0,8,0.32521024346351624,1.1244823932647705,1.720981478691101,-0.09796791523694992,268,422
0,9,0.3957487642765045,1.1370493173599243,1.7336053848266602,-0.09796791523694992,243,442
 , , , , , , , 
0,0,0.7786723971366882,0.6216800808906555,0.02440052479505539,-0.19593583047389984,250,414
0,1,0.7420289516448975,0.466185986995697,-0.07403674721717834,-0.09796791523694992,243,368
0,2,0.7667632699012756,0.48284104466438293,-0.06911584734916687,-0.09796791523694992,272,365
0,3,0.7621828317642212,0.545524537563324,-0.03818270191550255,-0.09796791523694992,290,359
0,4,0.7255394458770752,0.6398302316665649,0.0067283110693097115,-0.09796791523694992,298,367
0,5,0.9618894457817078,1.7756822109222412,-0.36407649517059326,-0.09796791523694992,231,409
0,6,0.3206298053264618,1.5213031768798828,1.3392771482467651,-0.09796791523694992,231,409
0,7,1.040672779083252,1.7473758459091187,-0.44235435128211975,-0.09796791523694992,240,416
0,8,0.32521024346351624,1.4566192626953125,1.4506888389587402,-0.09796791523694992,240,416
 , , , , , , , 
0,0,0.7969940900802612,0.20638233423233032,-0.21194975078105927,0.09796791523694992,226,328
0,1,0.8244765996932983,0.22103317081928253,-0.2116611897945404,0.09796791523694992,239,330
0,2,0.7035533785820007,0.605430006980896,0.13581141829490662,-0.19593583047389984,287,338
0,3,0.7255394458770752,0.6295109987258911,0.11464698612689972,-0.19593583047389984,326,339
0,4,0.7383646368980408,0.5283372402191162,0.038932863622903824,-0.09796791523694992,226,337
0,5,0.7786723971366882,0.6112478375434875,0.11600692570209503,-0.09796791523694992,314,365
0,6,0.8015745282173157,0.6324304938316345,0.10108160972595215,-0.09796791523694992,276,390
 , , , , , , , 
0,0,0.6247701048851013,0.6597384214401245,-0.015681413933634758,-0.09796791523694992,243,338
0,1,0.6742386817932129,0.643563985824585,-0.1058545783162117,-0.09796791523694992,301,348
0,2,0.7255394458770752,0.6312372088432312,-0.10472634434700012,-0.09796791523694992,311,364
0,3,0.7475254535675049,0.652633786201477,-0.09320412576198578,-0.09796791523694992,288,385
0,4,0.7695115804672241,0.6718204617500305,-0.09600376337766647,-0.09796791523694992,251,408
 , , , , , , , 
0,0,0.6531687378883362,0.631619930267334,-0.016287315636873245,-0.09796791523694992,293,329
0,1,0.7035533785820007,0.6122604012489319,-0.10063505917787552,-0.09796791523694992,326,337
0,2,0.7255394458770752,0.6182464361190796,-0.16492214798927307,-0.09796791523694992,305,357
0,3,0.7786723971366882,0.5646738409996033,-0.26119908690452576,-0.09796791523694992,239,381
 , , , , , , , 
0,0,0.681567370891571,0.5989924073219299,0.05012423172593117,-0.09796791523694992,278,340
0,1,0.7035533785820007,0.6200811862945557,-0.022124821320176125,-0.09796791523694992,308,340
0,2,0.7255394458770752,0.6358197331428528,-0.07184199243783951,-0.09796791523694992,299,349
0,3,0.7475254535675049,0.6527294516563416,-0.09253209829330444,-0.09796791523694992,256,367
 , , , , , , , 
0,0,0.7035533785820007,0.6166082620620728,-0.06916990876197815,0.09796791523694992,251,345
0,1,0.7255394458770752,0.6373044848442078,-0.057192832231521606,0.09796791523694992,243,359
0,2,0.6046161651611328,0.5970977544784546,0.2265641689300537,-0.19593583047389984,246,335
0,3,0.6531687378883362,0.6204299926757812,0.1194806843996048,-0.09796791523694992,293,334
0,4,0.7035533785820007,0.6203718185424805,0.0113584715873003,-0.09796791523694992,302,345
0,5,0.7255394458770752,0.636566162109375,-0.06489630043506622,-0.09796791523694992,277,361
 , , , , , , , 
0,0,0.7695115208625793,0.4194701611995697,-0.07290104031562805,0.09796791523694992,238,343
0,1,0.7172946929931641,0.36040499806404114,-0.2798437178134918,-0.09796791523694992,254,344
0,2,0.7420289516448975,0.3955532908439636,-0.2575818598270416,-0.09796791523694992,284,348
0,3,0.7383646368980408,0.480263352394104,-0.22361382842063904,-0.09796791523694992,310,355
0,4,0.7035533785820007,0.5929388403892517,-0.18279431760311127,-0.09796791523694992,322,372
0,5,0.7255394458770752,0.6246073246002197,-0.13890160620212555,-0.09796791523694992,300,400
0,6,0.7475254535675049,0.6519877910614014,-0.09762062877416611,-0.09796791523694992,249,431
 , , , , , , , 
0,0,0.718210756778717,0.37515079975128174,-0.13102670013904572,-0.09796791523694992,233,340
0,1,0.7704276442527771,0.3345580995082855,-0.13125595450401306,-0.09796791523694992,262,338
0,2,0.8244765996932983,0.2662084102630615,-0.15096093714237213,-0.09796791523694992,238,340
0,3,0.6531687378883362,0.6311779618263245,-0.02869492955505848,-0.09796791523694992,270,350
0,4,0.7035533785820007,0.6147502660751343,-0.08409722149372101,-0.09796791523694992,305,370
0,5,0.7255394458770752,0.6297720670700073,-0.11320419609546661,-0.09796791523694992,286,399
0,6,0.7786723971366882,0.6049370169639587,-0.14537087082862854,-0.09796791523694992,230,431
 , , , , , , , 
0,0,0.718210756778717,0.3962152600288391,-0.030324505642056465,-0.09796791523694992,298,329
0,1,0.7438611388206482,0.41015613079071045,-0.03403677046298981,-0.09796791523694992,344,329
0,2,0.7420289516448975,0.4704637825489044,-0.03840086981654167,-0.09796791523694992,360,330
0,3,0.7383646368980408,0.5281503796577454,-0.04139135777950287,-0.09796791523694992,347,342
0,4,0.7328681349754333,0.5823323130607605,-0.06140800938010216,-0.09796791523694992,305,369
0,5,0.6953086256980896,0.6639919281005859,-0.10721994191408157,-0.09796791523694992,257,408
 , , , , , , , 
0,0,0.7172946929931641,0.3028639256954193,-0.14223279058933258,-0.19593583047389984,248,329
0,1,0.7438611388206482,0.321463018655777,-0.13063286244869232,-0.19593583047389984,321,330
0,2,0.7704276442527771,0.3368013799190521,-0.12538768351078033,-0.19593583047389984,356,333
0,3,0.7695115208625793,0.4068506360054016,-0.1254684180021286,-0.19593583047389984,361,336
0,4,0.7667632699012756,0.4851696789264679,-0.05022812262177467,-0.09796791523694992,339,352
0,5,0.7328681349754333,0.5811181664466858,-0.07199655473232269,-0.09796791523694992,300,378
0,6,0.6953086256980896,0.6660871505737305,-0.09332360327243805,-0.09796791523694992,249,416
 , , , , , , , 
0,0,0.6907282471656799,0.49223992228507996,-0.05753558501601219,0.0,264,333
0,1,0.6430917978286743,0.4434153735637665,0.12760944664478302,-0.19593583047389984,245,344
0,2,0.6412596106529236,0.48755815625190735,0.15749920904636383,-0.19593583047389984,267,348
0,3,0.5844623446464539,0.6070965528488159,0.11204243451356888,-0.19593583047389984,274,352
0,4,0.7420289516448975,0.4421752989292145,-0.1652022898197174,-0.09796791523694992,274,356
0,5,0.7667632699012756,0.4417160451412201,-0.20688019692897797,-0.09796791523694992,232,372
0,6,0.9234137535095215,1.8972928524017334,-0.04972551017999649,-0.09796791523694992,257,421
 , , , , , , , 
0,0,0.6348469853401184,0.727375864982605,-0.06106624752283096,0.09796791523694992,247,366
0,1,0.6430917382240295,0.4089611768722534,-0.010316797532141209,-0.19593583047389984,234,344
0,2,0.6678261160850525,0.4244171380996704,-0.01862243376672268,-0.19593583047389984,306,345
0,3,0.6925603747367859,0.43912991881370544,-0.03546634316444397,-0.19593583047389984,342,345
0,4,0.7172946929931641,0.45227694511413574,-0.06041393056511879,-0.19593583047389984,348,347
0,5,0.7145464420318604,0.5126780271530151,0.0015450968639925122,-0.09796791523694992,325,347
0,6,0.6531687378883362,0.6176257729530334,0.133219376206398,-0.09796791523694992,300,374
0,7,0.6742386817932129,0.6461082100868225,0.08901659399271011,-0.09796791523694992,244,411
0,8,0.25283950567245483,1.4601892232894897,-1.3766989707946777,-0.09796791523694992,268,422
0,9,0.2565038502216339,1.3860574960708618,-1.4912681579589844,-0.09796791523694992,284,420
0,10,0.8455466032028198,1.8977302312850952,0.12518037855625153,-0.09796791523694992,262,424
 , , , , , , , 
0,0,0.4873572885990143,0.5897191166877747,0.29740044474601746,0.09796791523694992,227,334
0,1,-0.5313293933868408,3.2987053394317627,-0.6322086453437805,-0.6857753992080688,230,326
0,2,-0.5359097719192505,3.326390266418457,-0.641570508480072,-0.6857753992080688,249,326
0,3,-0.5404902100563049,3.3488428592681885,-0.6773137450218201,-0.6857753992080688,237,328
0,4,0.6669099926948547,0.36086905002593994,-0.07698860764503479,-0.19593583047389984,232,341
0,5,0.6925603747367859,0.3773050904273987,-0.06685386598110199,-0.19593583047389984,283,339
0,6,0.718210756778717,0.39234912395477295,-0.06299424171447754,-0.19593583047389984,282,340
0,7,0.7172946929931641,0.44011712074279785,-0.12042086571455002,-0.09796791523694992,287,333
0,8,0.7145464420318604,0.5092165470123291,-0.05949493125081062,-0.09796791523694992,311,350
0,9,0.7383646368980408,0.5258269906044006,-0.06451389193534851,-0.09796791523694992,286,379
0,10,0.7328681349754333,0.5696551203727722,-0.1355539858341217,-0.09796791523694992,238,414
 , , , , , , , 
0,0,0.5578958988189697,0.6383394002914429,0.06317421048879623,0.09796791523694992,272,333
0,1,0.5771336555480957,0.6589437127113342,0.0782795250415802,0.09796791523694992,240,345
0,2,0.6669099926948547,0.363044410943985,-0.06597337126731873,-0.09796791523694992,246,342
0,3,0.7172946929931641,0.32651832699775696,-0.07309235632419586,-0.09796791523694992,292,341
0,4,0.7438611388206482,0.33001795411109924,-0.10719864815473557,-0.09796791523694992,302,340
0,5,0.7969940900802612,0.2397221475839615,-0.17334838211536407,-0.09796791523694992,278,344
0,6,0.6320987343788147,0.6107391119003296,0.02944050170481205,-0.09796791523694992,258,364
0,7,0.7099660038948059,0.5426480770111084,-0.16528679430484772,-0.09796791523694992,236,397
 , , , , , , , 
0,0,0.6925603747367859,0.3663327097892761,-0.11237838119268417,-0.09796791523694992,268,333
0,1,0.7438611388206482,0.327384889125824,-0.11498934775590897,-0.09796791523694992,281,330
0,2,0.7704276442527771,0.32521528005599976,-0.15294529497623444,-0.09796791523694992,266,332
 , , , , , , , 
0,0,0.4946860074996948,0.5919198393821716,0.17715825140476227,0.09796791523694992,290,343
0,1,0.5130077004432678,0.6156771779060364,0.17747555673122406,0.09796791523694992,339,335
0,2,0.5313293933868408,0.6378728747367859,0.18309342861175537,0.09796791523694992,348,331
0,3,0.5496510863304138,0.6587814092636108,0.19315409660339355,0.09796791523694992,322,338
0,4,0.5963714718818665,0.6428957581520081,0.23846282064914703,0.09796791523694992,253,365
 , , , , , , , 
0,0,0.6669099926948547,0.3689556419849396,-0.005045596975833178,0.09796791523694992,243,340
0,1,0.6678261160850525,0.42447322607040405,0.017296573147177696,0.09796791523694992,282,337
0,2,0.6412596106529236,0.511698305606842,0.026149215176701546,0.09796791523694992,290,336
0,3,0.6375952959060669,0.561883270740509,0.02180355042219162,0.09796791523694992,295,341
0,4,0.6595813035964966,0.5794975161552429,0.05052628368139267,0.09796791523694992,279,364
0,5,0.681567370891571,0.5872411727905273,0.12826578319072723,0.09796791523694992,245,393
 , , , , , , , 
0,0,0.6669099926948547,0.35884615778923035,-0.08592534065246582,0.09796791523694992,237,342
0,1,0.6925603747367859,0.3678501546382904,-0.10730714350938797,0.09796791523694992,277,342
0,2,0.7438611388206482,0.3062428832054138,-0.16315241158008575,0.09796791523694992,284,341
0,3,0.7704276442527771,0.27275532484054565,-0.23401233553886414,0.09796791523694992,279,345
0,4,0.7420289516448975,0.4548030197620392,-0.12635281682014465,0.09796791523694992,267,366
0,5,0.38475579023361206,1.2277380228042603,-1.5985783338546753,0.09796791523694992,241,394
0,6,0.3902522921562195,0.9185683727264404,-1.8264540433883667,0.09796791523694992,230,398
0,7,0.681567370891571,0.5955793857574463,0.08117571473121643,0.19593583047389984,270,388
0,8,0.7035533785820007,0.6122502684593201,0.10069689899682999,0.19593583047389984,242,418
 , , , , , , , 
0,0,0.7420289516448975,0.45827093720436096,-0.11313070356845856,0.09796791523694992,273,338
0,1,0.2565038502216339,0.9838205575942993,-1.7824515104293823,0.09796791523694992,279,397
0,2,0.32521024346351624,0.8888124227523804,-1.853712558746338,0.09796791523694992,266,403
0,3,0.6925603747367859,0.37863096594810486,-0.05888247489929199,0.19593583047389984,275,330
0,4,0.718210756778717,0.38960209488868713,-0.07820683717727661,0.19593583047389984,298,331
0,5,0.7438611388206482,0.4012433588504791,-0.09159880876541138,0.19593583047389984,293,333
 , , , , , , , 
0,0,0.6925603747367859,0.38117021322250366,-0.03921516612172127,0.09796791523694992,269,333
0,1,0.6925603747367859,0.439470112323761,-0.03096727281808853,0.09796791523694992,310,331
0,2,0.6907282471656799,0.4948524236679077,-0.02704724110662937,0.09796791523694992,314,333
0,3,0.6870638728141785,0.5439448952674866,-0.07406055182218552,0.09796791523694992,284,343
 , , , , , , , 
0,0,0.6925603747367859,0.3760026693344116,-0.07382793724536896,0.09796791523694992,251,341
0,1,0.718210756778717,0.3914085924625397,-0.06859616935253143,0.09796791523694992,301,338
0,2,0.7438611388206482,0.40786290168762207,-0.055085618048906326,0.09796791523694992,314,339
0,3,0.7695115208625793,0.4256587028503418,-0.009188808500766754,0.09796791523694992,289,345
0,4,0.681567370891571,0.5505672097206116,0.2412053644657135,0.09796791523694992,264,365
0,5,0.7035533785820007,0.5702992081642151,0.24443615972995758,0.09796791523694992,244,396
 , , , , , , , 
0,0,0.5844623446464539,0.5532766580581665,0.2738698422908783,0.09796791523694992,259,333
0,1,0.7969940900802612,0.2791488468647003,-0.09794024378061295,0.09796791523694992,259,333
0,2,0.5771336555480957,0.5461107492446899,0.37695831060409546,0.09796791523694992,269,332
0,3,0.8519591689109802,0.06921271234750748,-0.20686455070972443,0.09796791523694992,269,332
0,4,0.5679727792739868,0.5650146007537842,0.42895668745040894,0.09796791523694992,241,342
 , , , , , , , 
0,0,0.6925603747367859,0.4381548762321472,-0.04597027599811554,0.09796791523694992,273,328
0,1,0.7172946929931641,0.45474520325660706,-0.037564218044281006,0.09796791523694992,303,330
0,2,0.7420289516448975,0.4717044532299042,-0.01748523861169815,0.09796791523694992,298,334
0,3,0.7383646368980408,0.5130863189697266,0.13190314173698425,0.09796791523694992,243,348
 , , , , , , , 
0,0,0.718210756778717,0.3966464102268219,-0.0240359827876091,0.09796791523694992,277,338
0,1,0.7438611388206482,0.4112921953201294,-0.01501012034714222,0.09796791523694992,298,338
0,2,0.7695115208625793,0.4257435202598572,0.0034963348880410194,0.09796791523694992,268,338
0,3,0.7328681349754333,0.5831596851348877,-0.05297783389687538,0.09796791523694992,254,376
0,4,0.6504204869270325,1.8898086547851562,-0.5810127258300781,0.09796791523694992,227,441
 , , , , , , , 
0,0,0.7438611388206482,0.3405528664588928,-0.06653685122728348,0.09796791523694992,265,335
0,1,0.7969940900802612,0.2855336666107178,-0.07737500965595245,0.09796791523694992,291,334
0,2,0.8244765996932983,0.286683052778244,-0.1070932075381279,0.09796791523694992,288,335
0,3,0.851959228515625,0.26342910528182983,-0.1749541461467743,0.09796791523694992,243,345
0,4,0.7621828317642212,0.4262062609195709,-0.3426414430141449,0.09796791523694992,229,368
 , , , , , , , 
0,0,0.718210756778717,0.3927791714668274,-0.0602547824382782,0.09796791523694992,293,339
0,1,0.7438611388206482,0.40677839517593384,-0.06259310990571976,0.09796791523694992,347,339
0,2,0.7695115208625793,0.42060136795043945,-0.06606248766183853,0.09796791523694992,367,339
0,3,0.7951619625091553,0.43426403403282166,-0.0705023929476738,0.09796791523694992,346,344
0,4,0.7035533785820007,0.6074680089950562,0.1263837367296219,0.09796791523694992,282,368
0,5,0.7255394458770752,0.6397706270217896,0.011023801751434803,0.09796791523694992,282,405
0,6,0.7475254535675049,0.6591593027114868,-0.011263873428106308,0.09796791523694992,236,448
0,7,0.45529434084892273,0.6023035645484924,-1.9395712614059448,0.09796791523694992,248,439
0,8,0.46170687675476074,0.9560068249702454,-1.8242158889770508,0.09796791523694992,239,446
 , , , , , , , 
0,0,0.718210756778717,0.3946898579597473,-0.046108927577733994,0.09796791523694992,226,337
0,1,0.7438611388206482,0.4075557589530945,-0.05731384828686714,0.09796791523694992,298,339
0,2,0.7695115208625793,0.42006197571754456,-0.06940963864326477,0.09796791523694992,330,340
0,3,0.8235605955123901,0.37701907753944397,-0.07377640902996063,0.09796791523694992,311,341
0,4,0.6742386817932129,0.6196683049201965,-0.20344772934913635,0.09796791523694992,319,352
0,5,0.7255394458770752,0.6277993321418762,-0.12367688119411469,0.09796791523694992,339,382
0,6,0.7475254535675049,0.6495636701583862,-0.11262720823287964,0.09796791523694992,302,420
0,7,0.7695115804672241,0.6699944734573364,-0.10801319777965546,0.09796791523694992,234,462
0,8,0.45529434084892273,0.9206275939941406,-1.8102903366088867,0.09796791523694992,256,430
0,9,0.46170687675476074,1.0198307037353516,-1.7893177270889282,0.09796791523694992,257,436
0,10,0.5194202661514282,0.5296459794044495,-0.27594590187072754,-0.09796791523694992,228,328
0,11,0.538658082485199,0.5290219783782959,-0.3220497667789459,-0.09796791523694992,237,326
 , , , , , , , 
0,0,0.7969940900802612,0.1952604502439499,-0.2222379893064499,0.09796791523694992,286,344
0,1,0.8244765996932983,0.2067878097295761,-0.2255990356206894,0.09796791523694992,333,345
0,2,0.8235605955123901,0.30753064155578613,-0.23024171590805054,0.09796791523694992,360,345
0,3,0.7914975881576538,0.4484001100063324,-0.22901201248168945,0.09796791523694992,373,351
0,4,0.7860010266304016,0.5142592787742615,-0.23146328330039978,0.09796791523694992,357,376
0,5,0.8098192811012268,0.5384649634361267,-0.21831271052360535,0.09796791523694992,309,413
0,6,0.520336389541626,1.3662527799606323,-1.4814190864562988,0.09796791523694992,232,445
0,7,0.593623161315918,1.4834949970245361,-1.3790359497070312,0.09796791523694992,241,455
 , , , , , , , 
0,0,0.7704276442527771,0.3253563940525055,-0.15264491736888885,0.09796791523694992,272,343
0,1,0.7969940900802612,0.34632956981658936,-0.13518130779266357,0.09796791523694992,329,338
0,2,0.8235605955123901,0.3602636456489563,-0.13340333104133606,0.09796791523694992,345,332
0,3,0.6156092286109924,0.2860112488269806,0.6474568843841553,0.09796791523694992,300,336
0,4,0.9087564945220947,0.1591910868883133,-0.16969795525074005,0.09796791523694992,300,336
0,5,0.6953086256980896,0.6411177515983582,-0.2033456265926361,0.09796791523694992,330,356
0,6,0.7475254535675049,0.6323565244674683,-0.18639494478702545,0.09796791523694992,308,392
0,7,0.7695115804672241,0.6422512531280518,-0.21925514936447144,0.09796791523694992,235,435
0,8,0.38475579023361206,0.5855597853660583,1.9287075996398926,0.09796791523694992,227,421
0,9,0.45529434084892273,0.32556021213531494,-2.004673719406128,0.09796791523694992,270,419
0,10,0.46170687675476074,0.8007961511611938,-1.8974820375442505,0.09796791523694992,267,420
0,11,0.5349937081336975,1.1532073020935059,-1.7214490175247192,0.09796791523694992,261,426
 , , , , , , , 
0,0,0.7704276442527771,0.32463398575782776,-0.1541752964258194,0.09796791523694992,248,339
0,1,0.7969940900802612,0.31598547101020813,-0.1958860605955124,0.09796791523694992,302,340
0,2,0.8235605955123901,0.31852662563323975,-0.2147722989320755,0.09796791523694992,317,350
0,3,0.8501270413398743,0.32874003052711487,-0.22179178893566132,0.09796791523694992,308,361
0,4,0.8162318468093872,0.4753332734107971,-0.20894816517829895,0.09796791523694992,281,378
0,5,0.8098192811012268,0.5450703501701355,-0.20125418901443481,0.09796791523694992,235,408
 , , , , , , , 
0,0,0.7969940900802612,0.3716827929019928,-0.008370865136384964,0.09796791523694992,258,339
0,1,0.8235605955123901,0.38328105211257935,-0.02611488848924637,0.09796791523694992,291,341
0,2,0.8501270413398743,0.39199593663215637,-0.06000659614801407,0.09796791523694992,287,344
0,3,0.9069242477416992,0.2876873314380646,-0.17481383681297302,0.09796791523694992,236,350
0,4,0.7914975881576538,0.45398545265197754,-0.21773003041744232,-0.09796791523694992,241,350
0,5,0.8162318468093872,0.46022728085517883,-0.24039942026138306,-0.09796791523694992,238,365
 , , , , , , , 
0,0,0.8098192811012268,0.575880229473114,0.07724583148956299,0.09796791523694992,256,349
0,1,0.833637535572052,0.5861406326293945,0.11914345622062683,0.09796791523694992,226,369
0,2,0.7383646368980408,0.45323821902275085,-0.2742829918861389,-0.09796791523694992,282,344
0,3,0.7621828317642212,0.47975432872772217,-0.2624703645706177,-0.09796791523694992,303,356
0,4,0.7860010266304016,0.49839094281196594,-0.2639021575450897,-0.09796791523694992,289,374
0,5,0.8098192811012268,0.5137268900871277,-0.27145838737487793,-0.09796791523694992,245,393
 , , , , , , , 
0,0,0.681567370891571,0.46232035756111145,0.38414084911346436,0.09796791523694992,236,329
0,1,0.7035533785820007,0.5193322896957397,0.3395352363586426,0.09796791523694992,247,341
0,2,0.755770206451416,0.5021430253982544,0.335409015417099,0.09796791523694992,231,349
0,3,0.7969940900802612,0.2923465371131897,-0.22967731952667236,-0.09796791523694992,228,331
0,4,0.43972086906433105,0.14563065767288208,0.7475661039352417,-0.09796791523694992,228,331
 , , , , , , , 
0,0,0.8244765996932983,0.25125008821487427,-0.17472699284553528,-0.09796791523694992,284,331
0,1,0.851959228515625,0.2534780204296112,-0.18908391892910004,-0.09796791523694992,307,336
0,2,0.8794417381286621,0.2523643970489502,-0.20705559849739075,-0.09796791523694992,297,343
0,3,0.8766934871673584,0.34968873858451843,-0.21204200387001038,-0.09796791523694992,251,359
 , , , , , , , 
0,0,0.7667632699012756,0.48583996295928955,-0.043266694992780685,0.09796791523694992,230,357
0,1,0.9105886816978455,1.8153233528137207,-0.45544347167015076,-0.09796791523694992,238,373
0,2,0.9234137535095215,1.8067458868026733,-0.5812592506408691,-0.09796791523694992,235,382
 , , , , , , , 
0,0,0.7172946929931641,0.43480104207992554,-0.13839192688465118,0.09796791523694992,234,325
0,1,0.7695115208625793,0.411081463098526,-0.11082322150468826,0.09796791523694992,285,328
0,2,0.7951619625091553,0.4214020371437073,-0.12639683485031128,0.09796791523694992,297,338
0,3,0.8208122849464417,0.4211161732673645,-0.17001743614673615,0.09796791523694992,267,356
 , , , , , , , 
0,0,0.7383646368980408,0.5261983871459961,-0.06141071766614914,0.09796791523694992,247,329
0,1,0.7328681349754333,0.5852487087249756,0.01912640780210495,0.09796791523694992,270,327
0,2,0.755770206451416,0.594129204750061,0.10796918720006943,0.09796791523694992,267,330
 , , , , , , , 
0,0,0.7420289516448975,0.45912206172943115,-0.1096254512667656,0.09796791523694992,243,334
0,1,0.7667632699012756,0.4863378405570984,-0.03725544735789299,0.09796791523694992,277,337
0,2,0.7621828317642212,0.5442472696304321,0.053383879363536835,0.09796791523694992,293,340
0,3,0.7860010266304016,0.5461179614067078,0.1406877040863037,0.09796791523694992,285,351
0,4,0.7786723971366882,0.5821587443351746,0.21948280930519104,0.09796791523694992,247,375
 , , , , , , , 
0,0,0.7328681349754333,0.4992848038673401,0.3059355318546295,0.09796791523694992,227,337
0,1,0.7255394458770752,0.567125678062439,0.29630470275878906,0.09796791523694992,254,339
0,2,0.7475254535675049,0.5985101461410522,0.27641183137893677,0.09796791523694992,253,345
 , , , , , , , 
0,0,-1.1909106969833374,0.8544420003890991,0.0065906173549592495,0.09796791523694992,234,391
 , , , , , , , 
0,0,-1.1670924425125122,0.8373196721076965,0.00988898053765297,0.09796791523694992,246,365
0,1,-1.1909106969833374,0.8542606830596924,0.018796337768435478,0.09796791523694992,258,352
 , , , , , , , 
0,0,-1.143274188041687,0.8200296759605408,-0.0206142645329237,0.09796791523694992,225,366
0,1,-1.1670924425125122,0.8371086716651917,-0.021239621564745903,0.09796791523694992,270,363
0,2,-1.1909106969833374,0.8541244268417358,-0.024209104478359222,0.09796791523694992,282,360
0,3,-1.214728832244873,0.8712571263313293,-0.022850805893540382,0.09796791523694992,268,356
 , , , , , , , 
0,0,-1.1670924425125122,0.8370598554611206,-0.023084504529833794,0.09796791523694992,240,390
0,1,-1.1909106969833374,0.8540182709693909,-0.02770264446735382,0.09796791523694992,263,383
0,2,-1.214728832244873,0.8713138699531555,-0.020573103800415993,0.09796791523694992,255,376
 , , , , , , , 
0,0,-1.1670924425125122,0.8337725400924683,-0.07762312889099121,0.09796791523694992,243,379
0,1,-1.1909106969833374,0.8492024540901184,-0.09470891207456589,0.09796791523694992,280,369
0,2,-1.214728832244873,0.8637771010398865,-0.11619061231613159,0.09796791523694992,284,360
0,3,-1.1909106969833374,0.9406821727752686,-0.14331559836864471,0.09796791523694992,243,364
 , , , , , , , 
0,0,-1.1909106969833374,0.8530760407447815,-0.048742856830358505,0.09796791523694992,260,379
0,1,-1.214728832244873,0.8692944049835205,-0.06275586038827896,0.09796791523694992,277,364
0,2,-1.2385470867156982,0.8866142630577087,-0.06005834415555,0.09796791523694992,249,359
 , , , , , , , 
0,0,-1.1909106969833374,0.8543652892112732,-0.013209890574216843,0.09796791523694992,250,354
0,1,-1.16800856590271,0.9330554008483887,-0.01846364513039589,0.09796791523694992,247,349
0,2,-1.0223510265350342,3.4878690242767334,-0.05462116003036499,-0.09796791523694992,231,385
 , , , , , , , 
0,0,-1.214728832244873,0.871523380279541,0.007626915816217661,0.09796791523694992,248,377
0,1,-1.2385470867156982,0.8884280920028687,0.019680118188261986,0.09796791523694992,250,362
0,2,-1.0223510265350342,3.4875054359436035,0.07428605109453201,-0.09796791523694992,229,386
 , , , , , , , 
0,0,-1.214728832244873,0.8709311485290527,-0.03301705792546272,0.09796791523694992,267,353
0,1,-1.2385470867156982,0.8874536156654358,-0.04602022096514702,0.09796791523694992,274,341
0,2,-1.2623653411865234,0.903070867061615,-0.06942232698202133,0.09796791523694992,235,343
 , , , , , , , 
0,0,-1.214728832244873,0.8693410158157349,-0.06210712715983391,0.09796791523694992,260,365
0,1,-1.2385470867156982,0.8848299384117126,-0.08226616680622101,0.09796791523694992,271,354
0,2,-1.2623653411865234,0.9012367725372314,-0.09015953540802002,0.09796791523694992,245,354
 , , , , , , , 
0,0,-1.214728832244873,0.871331512928009,-0.01981244422495365,0.09796791523694992,239,377
0,1,-1.1909106969833374,0.9506803154945374,-0.04036404937505722,0.09796791523694992,251,362
 , , , , , , , 
0,0,-1.286183476448059,0.8180953860282898,0.01194617711007595,0.09796791523694992,245,354
0,1,-1.3594703674316406,0.7519497275352478,-0.018296094611287117,0.09796791523694992,249,354
0,2,-1.3851207494735718,0.7662893533706665,-0.01072048582136631,0.09796791523694992,233,360
 , , , , , , , 
0,0,-1.2385470867156982,0.882218062877655,-0.10669132322072983,-0.09796791523694992,244,358
0,1,-1.2623653411865234,0.8943517804145813,-0.143148273229599,-0.09796791523694992,231,355
 , , , , , , , 
0,0,-1.1909106969833374,0.8461962938308716,-0.11860176175832748,-0.19593583047389984,234,341
0,1,-1.214728832244873,0.8700727224349976,-0.05083945393562317,-0.09796791523694992,269,333
0,2,-1.286183476448059,0.8139119148254395,-0.08348731696605682,-0.09796791523694992,280,326
0,3,-1.310917854309082,0.8220772743225098,-0.14002187550067902,-0.09796791523694992,256,336
 , , , , , , , 
0,0,-1.122204303741455,0.8880358934402466,-0.12392124533653259,-0.09796791523694992,228,354
0,1,-1.1451064348220825,0.9037366509437561,-0.14273817837238312,-0.09796791523694992,245,354
 , , , , , , , 
0,0,-1.3081696033477783,0.7225613594055176,-0.04212608188390732,-0.09796791523694992,251,360
0,1,-1.3338199853897095,0.7369880676269531,-0.03825502470135689,-0.09796791523694992,241,357
 , , , , , , , 
0,0,-1.3548898696899414,0.6269993185997009,0.07951497286558151,-0.09796791523694992,228,369
 , , , , , , , 
0,0,-0.8766934275627136,0.9316777586936951,2.206315517425537,-0.09796791523694992,237,375
0,1,-0.8867703676223755,1.018370270729065,2.198042392730713,-0.09796791523694992,242,373
 , , , , , , , 
0,0,-1.2751904726028442,0.5948053002357483,-0.006732085254043341,-0.19593583047389984,226,347
0,1,-1.3017569780349731,0.6054584383964539,-0.04642894119024277,-0.19593583047389984,251,345
0,2,-1.328323483467102,0.614179790019989,-0.08199246227741241,-0.19593583047389984,241,346
0,3,-0.8766934275627136,0.7389904260635376,2.2781012058258057,-0.09796791523694992,229,385
 , , , , , , , 
0,0,-0.7969940304756165,1.0003132820129395,2.2064943313598633,-0.09796791523694992,234,377
 , , , , , , , 
0,0,-1.2055680751800537,0.667003333568573,-0.0048265219666063786,-0.09796791523694992,228,360
0,1,-1.2751904726028442,0.5945407748222351,-0.01897309347987175,-0.09796791523694992,240,360
 , , , , , , , 
0,0,-1.102966547012329,0.6086881160736084,-0.04367518052458763,-0.29390373826026917,231,346
0,1,-1.1286168098449707,0.6217924356460571,-0.057495858520269394,-0.29390373826026917,232,345
0,2,-0.7511898279190063,0.8259423971176147,2.128807783126831,-0.19593583047389984,247,383
0,3,-0.7603507041931152,0.9021590352058411,2.1279237270355225,-0.19593583047389984,286,375
0,4,-0.7695115208625793,0.995430052280426,2.1167349815368652,-0.19593583047389984,292,370
0,5,-0.7786723971366882,1.1243460178375244,2.0828685760498047,-0.19593583047389984,255,377
 , , , , , , , 
0,0,-0.7695115208625793,0.8947966694831848,2.1612002849578857,-0.19593583047389984,262,364
 , , , , , , , 
0,0,-0.6678260564804077,0.6309924125671387,2.1895370483398438,-0.29390373826026917,259,400
0,1,-0.6760708093643188,0.7518640160560608,2.180806875228882,-0.29390373826026917,289,394
0,2,-0.6843156218528748,0.8662296533584595,2.168280839920044,-0.29390373826026917,292,382
0,3,-0.6925603747367859,1.0041396617889404,2.1390790939331055,-0.29390373826026917,242,388
 , , , , , , , 
0,0,2.178450345993042,0.8854421973228455,-0.49863409996032715,-0.29390373826026917,241,390
0,1,2.205016851425171,0.9582511782646179,-0.3738168478012085,-0.29390373826026917,231,388
 , , , , , , , 
0,0,-1.1542673110961914,0.39199450612068176,-0.17293432354927063,-0.4898395836353302,228,340
0,1,-0.5862944722175598,1.3364872932434082,1.8357341289520264,-0.3918716609477997,239,390
0,2,-0.593623161315918,1.4348068237304688,1.7964287996292114,-0.3918716609477997,254,383
0,3,-0.6760708093643188,1.2343412637710571,1.948748230934143,-0.29390373826026917,255,377
 , , , , , , , 
0,0,2.171121835708618,0.7996916174888611,-0.09973198920488358,-0.3918716609477997,230,390
0,1,2.1986043453216553,0.8136803507804871,-0.06263194978237152,-0.3918716609477997,253,388
 , , , , , , , 
0,0,-0.8657004833221436,0.5502994656562805,0.020992407575249672,-0.5878074765205383,233,351
0,1,-0.890434741973877,0.5663774609565735,0.008000326342880726,-0.5878074765205383,261,356
0,2,-0.9490641951560974,0.525036096572876,-0.00827802810817957,-0.5878074765205383,260,358
0,3,-0.9747146368026733,0.5384654402732849,-0.029869958758354187,-0.5878074765205383,227,362
0,4,-0.5716371536254883,0.8293137550354004,2.052747964859009,-0.3918716609477997,237,363
0,5,2.143639326095581,0.7146771550178528,0.3497876822948456,-0.3918716609477997,237,363
0,6,-0.6513365507125854,0.9016181826591492,2.0312726497650146,-0.29390373826026917,253,356
0,7,-0.6595813035964966,1.1937201023101807,1.9078375101089478,-0.29390373826026917,248,362
 , , , , , , , 
0,0,-0.49376991391181946,1.1133397817611694,1.9004658460617065,-0.29390373826026917,244,388
0,1,2.116156816482544,0.7770774364471436,0.11461009085178375,-0.29390373826026917,244,388
0,2,-0.5001825094223022,1.2278859615325928,1.862905740737915,-0.29390373826026917,282,380
0,3,-0.5065951347351074,1.3207166194915771,1.8336553573608398,-0.29390373826026917,286,374
0,4,-0.513007640838623,1.1664615869522095,1.96876859664917,-0.19593583047389984,225,397
 , , , , , , , 
0,0,-0.8162318468093872,0.5163607001304626,0.05452233552932739,-0.19593583047389984,257,334
0,1,-0.8409661650657654,0.5320814847946167,0.05547422915697098,-0.19593583047389984,266,332
0,2,-0.8657004833221436,0.5505977272987366,0.010601268149912357,-0.19593583047389984,245,332
 , , , , , , , 
0,0,-0.8977634906768799,0.48838895559310913,-0.09057855606079102,0.09796791523694992,259,333
0,1,-0.9234137535095215,0.4936211109161377,-0.1317829042673111,0.09796791523694992,238,343
0,2,2.143639326095581,0.7809162735939026,-0.15259288251399994,0.09796791523694992,238,415
0,3,2.171121835708618,0.8044552206993103,-0.04800982400774956,0.09796791523694992,225,413
0,4,-0.8162318468093872,0.5176099538803101,0.04100009799003601,0.19593583047389984,237,337
0,5,-0.872113049030304,0.48132985830307007,0.03394952788949013,0.19593583047389984,255,337
 , , , , , , , 
0,0,-0.872113049030304,0.4813850522041321,0.03315773606300354,0.29390373826026917,240,327
0,1,-0.8977634906768799,0.4964514970779419,0.01625226065516472,0.29390373826026917,239,329
 , , , , , , , 
0,0,-0.8977634906768799,0.4960409104824066,0.025916263461112976,0.19593583047389984,238,350
0,1,-0.9234137535095215,0.5093633532524109,0.03971794247627258,0.19593583047389984,254,349
0,2,-0.9490641951560974,0.5230326056480408,0.046565618366003036,0.19593583047389984,237,354
 , , , , , , , 
0,0,-0.9234137535095215,0.5104504823684692,0.021652700379490852,0.19593583047389984,254,338
0,1,-0.9490641951560974,0.5246511101722717,0.02174006961286068,0.19593583047389984,253,337
 , , , , , , , 
0,0,-0.5001825094223022,1.0336405038833618,1.977298378944397,0.09796791523694992,239,397
0,1,-0.5065951347351074,1.0220222473144531,2.015454053878784,0.09796791523694992,265,384
0,2,-0.5862944722175598,0.9648998379707336,2.0555014610290527,0.09796791523694992,262,377
0,3,-1.0003650188446045,0.5492430925369263,-0.06839577853679657,0.19593583047389984,231,349
0,4,-1.026015281677246,0.5575075149536133,-0.10697155445814133,0.19593583047389984,240,364
0,5,-0.9490641951560974,0.5214663147926331,0.061679206788539886,0.29390373826026917,239,339
0,6,-0.9747146368026733,0.5313419699668884,0.09226550161838531,0.29390373826026917,227,342
 , , , , , , , 
0,0,-0.5065951347351074,0.6389219164848328,2.1675708293914795,0.09796791523694992,239,400
0,1,-0.513007640838623,0.32011890411376953,2.265878677368164,0.09796791523694992,242,394
0,2,2.1253175735473633,0.44109657406806946,-0.8878728747367859,0.09796791523694992,242,394
0,3,-0.593623161315918,0.9274256825447083,-2.1037368774414062,0.19593583047389984,232,376
0,4,2.151884078979492,0.8889084458351135,-0.46631762385368347,0.19593583047389984,232,376
0,5,-0.9490641951560974,0.5243749618530273,0.027610406279563904,0.29390373826026917,267,356
0,6,-0.9747146368026733,0.5383811593055725,0.031352076679468155,0.29390373826026917,277,356
0,7,-1.0003650188446045,0.552362859249115,0.0352310948073864,0.29390373826026917,260,355
 , , , , , , , 
0,0,-0.593623161315918,1.3346360921859741,1.8720506429672241,0.09796791523694992,228,383
0,1,-0.9490641951560974,0.5238993167877197,-0.03551010414958,0.19593583047389984,238,333
0,2,-0.9747146368026733,0.5380523204803467,-0.03656385466456413,0.19593583047389984,266,331
0,3,-1.0003650188446045,0.5500813126564026,-0.061289943754673004,0.19593583047389984,267,331
0,4,-1.026015281677246,0.558480441570282,-0.10176993161439896,0.19593583047389984,245,341
0,5,-0.6513365507125854,1.2932642698287964,1.8073327541351318,0.19593583047389984,247,390
0,6,-0.6595813035964966,1.1482173204421997,1.9355641603469849,0.19593583047389984,259,382
 , , , , , , , 
0,0,-0.5862944722175598,0.33926868438720703,2.245220422744751,0.19593583047389984,237,385
0,1,-0.593623161315918,0.29894617199897766,2.279574155807495,0.19593583047389984,231,375
 , , , , , , , 
0,0,2.1033315658569336,0.8464662432670593,-0.7986119985580444,0.09796791523694992,248,384
0,1,-1.0003650188446045,0.5520743727684021,-0.039494894444942474,0.19593583047389984,251,355
0,2,-1.026015281677246,0.5645650029182434,-0.059362415224313736,0.19593583047389984,261,353
0,3,-1.089225172996521,0.4942309558391571,-0.11788433790206909,0.19593583047389984,247,356
0,4,-0.5789658427238464,0.9727895855903625,2.020322322845459,0.19593583047389984,230,402
0,5,-0.5862944722175598,0.9279206991195679,2.072457790374756,0.19593583047389984,264,390
0,6,-0.593623161315918,0.6541569232940674,2.2040657997131348,0.19593583047389984,269,381
 , , , , , , , 
0,0,-0.5862944722175598,1.6216342449188232,1.589471697807312,0.09796791523694992,250,391
0,1,-0.593623161315918,1.7647525072097778,1.4735928773880005,0.09796791523694992,283,381
0,2,2.178450345993042,1.0161110162734985,0.012736275792121887,0.09796791523694992,290,375
0,3,2.205016851425171,1.0285805463790894,0.002501977840438485,0.09796791523694992,251,390
0,4,-0.6843156218528748,1.6538525819778442,1.6482012271881104,0.09796791523694992,251,390
0,5,-1.0003650188446045,0.5534823536872864,0.0017945162253454328,0.19593583047389984,227,342
0,6,-1.026015281677246,0.5675525665283203,-0.011899769306182861,0.19593583047389984,242,344
0,7,-1.0516657829284668,0.5786325931549072,-0.061285194009542465,0.19593583047389984,239,347
 , , , , , , , 
0,0,-0.6678260564804077,1.2107839584350586,1.930343508720398,0.09796791523694992,242,376
0,1,-0.6760708093643188,1.1969293355941772,1.9719477891921997,0.09796791523694992,276,364
0,2,-0.6843156218528748,1.1720869541168213,2.0194077491760254,0.09796791523694992,270,365
0,3,-0.6925603747367859,1.1178923845291138,2.0818915367126465,0.09796791523694992,228,382
0,4,2.154632329940796,1.1918556690216064,-0.025211142376065254,0.09796791523694992,228,382
 , , , , , , , 
0,0,2.128981828689575,1.1463044881820679,-0.27111974358558655,0.09796791523694992,227,386
 , , , , , , , 
0,0,-0.6760708093643188,0.8877613544464111,2.1291072368621826,0.09796791523694992,269,367
0,1,2.1033315658569336,1.15973699092865,0.0964164063334465,0.09796791523694992,269,367
0,2,-0.6843156218528748,1.0511618852615356,2.0849111080169678,0.09796791523694992,301,361
0,3,2.128981828689575,1.1770967245101929,0.04430583491921425,0.09796791523694992,301,361
0,4,2.154632329940796,1.1920161247253418,0.015903113409876823,0.09796791523694992,300,359
0,5,-0.6925603747367859,1.2076313495635986,2.0311529636383057,0.09796791523694992,300,359
0,6,2.1802825927734375,1.2061737775802612,-0.01841588318347931,0.09796791523694992,252,376
0,7,-0.7008051872253418,1.3115007877349854,1.9994159936904907,0.09796791523694992,252,376
0,8,-1.077316164970398,0.5958306789398193,-0.01657239720225334,0.19593583047389984,243,350
0,9,-1.1423581838607788,0.5302306413650513,-0.05307770520448685,0.19593583047389984,245,348
 , , , , , , , 
0,0,-0.6843156218528748,1.4835255146026611,1.803038477897644,0.09796791523694992,253,361
0,1,2.128981828689575,1.169313907623291,0.14221420884132385,0.09796791523694992,253,361
0,2,2.154632329940796,1.1892621517181396,0.08252910524606705,0.09796791523694992,266,352
0,3,-0.6925603747367859,1.5220146179199219,1.8076026439666748,0.09796791523694992,266,352
0,4,2.1802825927734375,1.2060827016830444,0.023644380271434784,0.09796791523694992,237,359
0,5,-0.7008051872253418,1.488637924194336,1.8712711334228516,0.09796791523694992,237,359
0,6,-1.11579167842865,0.5203615427017212,0.011478650383651257,0.19593583047389984,251,339
0,7,-1.1423581838607788,0.5319785475730896,0.030993524938821793,0.19593583047389984,239,342
